{
  "experiment": "Step 5: Final Optimization",
  "architecture": "ResNet18",
  "resolution": "128x128",
  "dropout": 0.35,
  "epochs": 30,
  "standard_thresholds": {
    "test_loss": 0.3566245144208917,
    "element_wise_acc": 94.21480878763222,
    "exact_match_acc": 75.08136696501221,
    "class_metrics": {
      "class_0": {
        "precision": 0.9582491517066956,
        "recall": 0.9621365666389465,
        "f1": 0.9601889252662659,
        "tp": 1423,
        "fp": 62,
        "fn": 56
      },
      "class_1": {
        "precision": 0.9704654812812805,
        "recall": 0.9367833733558655,
        "f1": 0.9533270001411438,
        "tp": 3023,
        "fp": 92,
        "fn": 204
      },
      "class_2": {
        "precision": 0.9218695759773254,
        "recall": 0.8944162726402283,
        "f1": 0.9079354405403137,
        "tp": 2643,
        "fp": 224,
        "fn": 312
      },
      "class_3": {
        "precision": 0.7896466851234436,
        "recall": 0.8760254979133606,
        "f1": 0.830596387386322,
        "tp": 961,
        "fp": 256,
        "fn": 136
      },
      "class_4": {
        "precision": 0.5608108043670654,
        "recall": 0.8469387888908386,
        "f1": 0.6747967004776001,
        "tp": 83,
        "fp": 65,
        "fn": 15
      }
    }
  },
  "optimized_thresholds": {
    "thresholds": [
      0.49999999999999994,
      0.3,
      0.3,
      0.6499999999999999,
      0.7999999999999998
    ],
    "test_loss": 0.3566245144208917,
    "element_wise_acc": 94.54434499593165,
    "exact_match_acc": 76.11879576891782,
    "class_metrics": {
      "class_0": {
        "precision": 0.9582491517066956,
        "recall": 0.9621365666389465,
        "f1": 0.9601889252662659,
        "tp": 1423,
        "fp": 62,
        "fn": 56
      },
      "class_1": {
        "precision": 0.9613947868347168,
        "recall": 0.9569259285926819,
        "f1": 0.9591552019119263,
        "tp": 3088,
        "fp": 124,
        "fn": 139
      },
      "class_2": {
        "precision": 0.8956350684165955,
        "recall": 0.9235194325447083,
        "f1": 0.9093635678291321,
        "tp": 2729,
        "fp": 318,
        "fn": 226
      },
      "class_3": {
        "precision": 0.8314005136489868,
        "recall": 0.8495897650718689,
        "f1": 0.8403967618942261,
        "tp": 932,
        "fp": 189,
        "fn": 165
      },
      "class_4": {
        "precision": 0.6475409865379333,
        "recall": 0.8061224222183228,
        "f1": 0.718181848526001,
        "tp": 79,
        "fp": 43,
        "fn": 19
      }
    }
  },
  "improvement": {
    "element_wise_acc": 0.3295362082994302,
    "exact_match_acc": 1.0374288039056125
  }
}